-- phpMyAdmin SQL Dump
-- version 4.5.4.1deb2ubuntu2
-- http://www.phpmyadmin.net
--
-- Servidor: localhost
-- Tiempo de generación: 18-04-2018 a las 14:27:51
-- Versión del servidor: 5.7.21-0ubuntu0.16.04.1
-- Versión de PHP: 7.0.28-0ubuntu0.16.04.1

SET SQL_MODE = "NO_AUTO_VALUE_ON_ZERO";
SET time_zone = "+00:00";


/*!40101 SET @OLD_CHARACTER_SET_CLIENT=@@CHARACTER_SET_CLIENT */;
/*!40101 SET @OLD_CHARACTER_SET_RESULTS=@@CHARACTER_SET_RESULTS */;
/*!40101 SET @OLD_COLLATION_CONNECTION=@@COLLATION_CONNECTION */;
/*!40101 SET NAMES utf8mb4 */;

--
-- Base de datos: `glpibovis`
--

-- --------------------------------------------------------

--
-- Estructura de tabla para la tabla `glpi_plugin_comproveedores_categories`
--

CREATE TABLE IF NOT EXISTS `glpi_plugin_comproveedores_categories` (
  `id` int(11) NOT NULL,
  `name` varchar(255) DEFAULT NULL,
  `glpi_plugin_comproveedores_roltypes_id` int(11) NOT NULL
) ENGINE=MyISAM  DEFAULT CHARSET=utf8 COLLATE=utf8_unicode_ci;

--
-- Volcado de datos para la tabla `glpi_plugin_comproveedores_categories`
--

INSERT INTO `glpi_plugin_comproveedores_categories` (`id`, `name`, `glpi_plugin_comproveedores_roltypes_id`) VALUES
(1, 'SUMINISTRO_MATERIALES_PARA_OBRA_CIVIL', 1),
(2, 'SUMINISTRO_MATERIALES_PARA_ACABADOS', 1),
(3, 'SUMINISTRO_AISLAMIENTOS_Y_TRATAMIENTOS_ESPECÍFICOS', 1),
(4, 'SUMINISTRO_MATERIALES_PARA_INSTALACIONES_ELECTROMECÁNICAS', 1),
(5, 'CONTRATISTA_GENERAL_OBRA_CIVIL', 2),
(6, 'CONTRATISTA_ESPECIALISTA_ACONDICIONAMIENTO_INTEGRAL__FIT_OUT', 2),
(7, 'CONTRATISTA_GENERAL_INSTALACIONES_ELECTROMECÁNICAS', 2),
(8, 'CONTRATISTA_MEDIOS_AUXILIARES__PRELIMINARES', 2),
(9, 'CONTRATISTA_SEGURIDAD_Y_SALUD', 2),
(10, 'CONTRATISTA_ESPECIALIDADES_OBRA_CIVIL__SUBESTRUCTURA_Y_ESTRUCTURA', 2),
(11, 'CONTRATISTA_ESPECIALIDADES_OBRA_CIVIL__SOLUCIONES_PREFABRICADAS', 2),
(12, 'CONTRATISTA_ESPECIALIDADES_OBRA_CIVIL__ALBAÑILERÍA', 2),
(13, 'CONTRATISTA_ESPECIALIDADES_OBRA_CIVIL__FACHADA', 2),
(14, 'CONTRATISTA_ESPECIALIDADES_OBRA_CIVIL__CUBIERTAS', 2),
(15, 'CONTRATISTA_ESPECIALIDADES_OBRA_CIVIL__URBANIZACIÓN_Y_PAISAJISMO', 2),
(16, 'CONTRATISTA_AISLAMIENTOS_Y_TRATAMIENTOS_ESPECÍFICOS', 2),
(17, 'CONTRATISTA_ESPECIALIDADES_ACABADOS', 2),
(18, 'CONTRATISTA_INSTALACIONES_ELÉCTRICAS', 2),
(19, 'CONTRATISTA_INSTALACIONES_MECÁNICAS', 2),
(20, 'CONTRATISTA_INSTALACIONES_ESPECIALES', 2),
(21, 'CONTRATISTA_MEDIOS_DE_ELEVACIÓN', 2),
(22, 'CONTRATISTA_DE_REHABILITACIÓN', 2),
(23, 'CONTRATISTA_DE_EQUIPAMIENTO', 2);

-- --------------------------------------------------------

--
-- Estructura de tabla para la tabla `glpi_plugin_comproveedores_specialties`
--

CREATE TABLE IF NOT EXISTS `glpi_plugin_comproveedores_specialties` (
  `id` int(11) NOT NULL,
  `glpi_plugin_comproveedores_categories_id` int(11) NOT NULL,
  `name` mediumtext
) ENGINE=MyISAM  DEFAULT CHARSET=utf8 COLLATE=utf8_unicode_ci;


--
-- Volcado de datos para la tabla `glpi_plugin_comproveedores_specialties`
--

INSERT INTO `glpi_plugin_comproveedores_specialties` (`id`, `glpi_plugin_comproveedores_categories_id`, `name`) VALUES
(1, 1, 'SUMINISTRO_MATERIALES_Y_ELEMENTOS_ESTRUCTURALES'),
(2, 1, 'SUMINISTRO_MORTEROS,_ADITIVOS,_ADHESIVOS'),
(3, 1, 'SUMINISTRO_ELEMENTOS_PREFABRICADOS_DE_HORMIGÓN'),
(4, 1, 'SUMINISTRO_ELEMENTOS_PREFABRICADOS_DE_GRC'),
(5, 1, 'SUMINISTRO_OTROS_PREFABRICADOS'),
(6, 1, 'SUMINISTRO_PIEDRA_NATURAL_(MÁRMOLES,_GRANITOS,_CALIZAS,_PIZARRAS)'),
(7, 1, 'SUMINISTRO_MATERIALES_CERÁMICOS_(BALDOSAS,_ALICATADOS,_REVESTIMIENTOS_CERÁMICOS)'),
(8, 2, 'SUMINISTRO_FALSOS_TECHOS_METÁLICOS'),
(9, 2, 'SUMINISTRO_FALSOS_TECHOS_FIBRAS_MINERALES'),
(10, 2, 'SUMINISTRO_FALSOS_TECHOS_MADERAS'),
(11, 2, 'SUMINISTRO_MAMPARAS'),
(12, 3, 'MATERIALES_AISLAMIENTO_TÉRMICO'),
(13, 3, 'MATERIALES_AISLAMIENTO_ACÚSTICO'),
(14, 3, 'LÁMINAS_Y_MATERIALES_IMPERMEABILIZACIÓN'),
(15, 4, 'SUMINISTRO_EQUIPOS_Y_ELEMENTOS_PARA_INSTALACIONES_ELÉCTRICAS'),
(16, 4, 'SUMINISTRO_EQUIPOS_Y_ELEMENTOS_PARA_INSTALACIONES_ELÉCTRICAS_-_LUMINARIAS_E_ILUMINACIÓN'),
(17, 4, 'SUMINISTRO_EQUIPOS_Y_ELEMENTOS_PARA_INSTALACIONES_DE_FONTANERÍA_Y_SANEAMIENTO'),
(18, 4, 'SUMINISTRO_EQUIPOS_Y_ELEMENTOS_PARA_INSTALACIONES_DE_CLIMATIZACIÓN,_VENTILACIÓN_Y_EXTRACCIÓN'),
(19, 4, 'SUMINISTRO_EQUIPOS_Y_ELEMENTOS_PARA_PROTECCIÓN_CONTRA_INCENDIOS'),
(20, 4, 'SUMINISTRO_EQUIPOS_Y_ELEMENTOS_PARA_INSTALACIONES_ESPECIALES'),
(21, 5, 'CONTRATISTA_GENERAL_OBRA_CIVIL_GRANDE'),
(22, 5, 'CONTRATISTA_GENERAL_OBRA_CIVIL_MEDIANO'),
(23, 5, 'CONTRATISTA_GENERAL_OBRA_CIVIL_PEQUEÑO'),
(24, 6, 'CONTRATISTA_ESPECIALISTA_ACONDICIONAMIENTO_INTEGRAL_OFICINAS'),
(25, 6, 'CONTRATISTA_ESPECIALISTA_ACONDICIONAMIENTO_INTEGRAL_OFICINAS_BANCARIAS'),
(26, 6, 'CONTRATISTA_ESPECIALISTA_ACONDICIONAMIENTO_INTEGRAL_LOCALES_COMERCIALES'),
(27, 7, 'CONTRATISTA_GENERAL_INSTALACIONES_ELECTROMECÁNICAS_MEDIANO'),
(28, 7, 'CONTRATISTA_GENERAL_INSTALACIONES_ELECTROMECÁNICAS_PEQUEÑO'),
(29, 8, 'ALQUILER_GRÚAS_TORRE'),
(30, 8, 'ALQUILER_Y_MONTAJE_CASETAS_PREFABRICADAS'),
(31, 8, 'ALQUILER_CONTENEDORES'),
(32, 8, 'INSTALACIONES_PROVISIONALES_OBRA'),
(33, 8, 'ALQUILER_GRUPOS_ELECTRÓGENOS'),
(34, 8, 'ALQUILER_GRÚAS_AUTOMÓVILES_Y_SOBRE_CAMIÓN'),
(35, 8, 'SUMINISTRO_/_INSTALACIÓN_CERRAMIENTOS_PROVISIONALES'),
(36, 8, 'SUMINISTRO_MATERIAL_Y_EQUIPAMIENTO_OFICINA'),
(37, 8, 'ALQUILER_ANDAMIOS_Y_CIMBRAS'),
(38, 8, 'ALQUILER_PLATAFORMAS_TIJERA'),
(39, 8, 'ALQUILER_MONTACARGAS'),
(40, 8, 'ALQUILER_ANDAMIOS_CREMALLERA'),
(41, 8, 'ALQUILER_CESTAS_BRAZO_ARTICULADO'),
(42, 8, 'ALQUILER_MAQUINARIA'),
(43, 8, 'EMPRESAS_DE_SEGURIDAD_Y_VIGILANCIA'),
(44, 8, 'AMBULANCIAS'),
(45, 8, 'EMPRESAS_MULTISERVICIO_-_"MULTIGANG"'),
(46, 8, 'LIMPIEZA_DE_OBRA'),
(47, 8, 'EMPRESAS_INSTALACIÓN_SISTEMAS_SEGURIDAD_Y_VIGILANCIA_OBRA'),
(48, 9, 'INSTALACIÓN_Y_MANTENIMIENTO_DE_MEDIDAS_Y_ELEMENTOS_DE_PROTECCIÓN_COLECTIVA'),
(49, 10, 'DEMOLICIONES'),
(50, 10, 'MOVIMIENTO_DE_TIERRAS'),
(51, 10, 'MOVIMIENTO_DE_TIERRAS_-_VOLADURAS'),
(52, 10, 'GUNITADOS'),
(53, 10, 'PROTECCIÓN_/_ESTABILIZACIÓN_DE_TALUDES'),
(54, 10, 'PILOTES_/_MUROS_PANTALLA'),
(55, 10, 'MICROPILOTES'),
(56, 10, 'MEJORA_Y_ESTABILIZACIÓN_DE_SUELOS_/_INYECCIONES_/_JET_GROUTING'),
(57, 10, 'ESTRUCTURAS_DE_HORMIGÓN'),
(58, 10, 'ESTRUCTURAS_METÁLICAS_PERFILES_LAMINADOS'),
(59, 10, 'ESTRUCTURAS_METÁLICAS_ESPACIALES'),
(60, 10, 'ESTRUCTURAS_DE_MADERA_LAMINADA'),
(61, 10, 'ESTRUCTURAS_PREFABRICADAS_DE_HORMIGÓN'),
(62, 10, 'FORJADOS_COLABORANTES'),
(63, 11, 'SOLUCIONES_INTEGRALES_PREFABRICADAS_-_ASEOS_PREFABRICADOS,_COCINAS_PREF.'),
(64, 11, 'SOLUCIONES_INTEGRALES_PREFABRICADAS_-_EDIFICACIÓN_MODULAR'),
(65, 11, 'SOLUCIONES_INTEGRALES_PREFABRICADAS_-_QUIRÓFANOS'),
(66, 12, 'LADRILLO_VISTO'),
(67, 12, 'ALBAÑILERÍA_EN_GENERAL'),
(68, 12, 'YESOS_/_ENFOSCADOS'),
(69, 12, 'REVOCOS_/_MONOCAPAS'),
(70, 13, 'MÓDULOS_PREFABRICADOS_DE_HORMIGÓN'),
(71, 13, 'REVOCOS_/_MONOCAPAS'),
(72, 13, 'YESOS_/_ENFOSCADOS'),
(73, 13, 'FACHADAS_APLACADO_PIEDRA_NATURAL'),
(74, 13, 'FACHADAS_VENTILADAS_PANELES_COMPOSITE'),
(75, 13, 'FACHADAS_VENTILADAS_CERÁMICAS_-_HORMIGÓN_POLÍMERO'),
(76, 13, 'FACHADAS_METÁLICAS_(CHAPA,_PANEL_SANDWICH)'),
(77, 13, 'FACHADAS_VENTILADAS_PANELES_TIPO_FENÓLICO,_TRESPA,_PRODEMA'),
(78, 13, 'MURO_CORTINA'),
(79, 13, 'CARPINTERÍA_EXTERIOR_METÁLICA_(ALUMINIO,_ACERO_INOX)'),
(80, 13, 'CARPINTERÍA_EXTERIOR_DE_MADERA'),
(81, 13, 'CARPINTERÍA_EXTERIOR_DE_PVC'),
(82, 13, 'REVESTIMIENTOS_MONOCAPA_/_REVOCOS_/_ENFOSCADOS_/_PÉTREOS'),
(83, 13, 'REVESTIMIENTO_PANELES_TIPO_FENÓLICO,_TRESPA,_PRODEMA'),
(84, 13, 'ARQUITECTURA_TEXTIL_'),
(85, 13, 'DOBLE_PIEL_/_SISTEMAS_OSCURECIMIENTO_/_SOMBREAMIENTO'),
(86, 13, 'GÓNDOLAS_-_SISTEMAS_LIMPIEZA_FACHADAS'),
(87, 13, 'OTRAS_FACHADAS'),
(88, 14, 'CUBIERTAS_DECK'),
(89, 14, 'CUBIERTAS_METÁLICAS_(ZINC,_COBRE)'),
(90, 14, 'LUCERNARIOS'),
(91, 14, 'CUBIERTAS_PANEL_SANDWICH'),
(92, 14, 'IMPERMEABILIZACIÓN_LÁMINAS_ASFÁLTICAS'),
(93, 14, 'IMPERMEABILIZACIÓN_POLIURETANO'),
(94, 14, 'IMPERMEABILIZACIÓN_LÁMINAS_PVC'),
(95, 14, 'CUBIERTAS_AJARDINADAS'),
(96, 14, 'CUBIERTAS_TIPO_EFTE'),
(97, 14, 'CUBIERTAS_MATERIALES_LIGEROS_TIPO_METACRILATO'),
(98, 14, 'CUBIERTAS_TEJAS_CERÁMICAS'),
(99, 14, 'CUBIERTA_PIZARRA'),
(100, 14, 'IMPERMEABILIZACIONES_EN_GENERAL'),
(101, 14, 'OTRAS_CUBIERTAS'),
(102, 15, 'URBANIZACIÓN_EN_GENERAL'),
(103, 15, 'PAVIMENTOS_ASFÁLTICOS'),
(104, 15, 'JARDINERÍA'),
(105, 15, 'FUENTES_DECORATIVAS'),
(106, 16, 'AISLAMIENTOS_TÉRMICOS'),
(107, 16, 'AISLAMIENTOS_ACÚSTICOS'),
(108, 16, 'TRATAMIENTOS_IGNÍFUGOS_Y_PROTECCIONES_CONTRA_FUEGO'),
(109, 16, 'JUNTAS_DE_DILATACIÓN'),
(110, 17, 'FALSOS_TECHOS_METÁLICOS'),
(111, 17, 'FALSOS_TECHOS_MODULARES'),
(112, 17, 'FALSOS_TECHOS_CARTÓN-YESO'),
(113, 17, 'SUELO_TÉCNICO'),
(114, 17, 'SOLADOS_RESINAS_/_INDUSTRIALES_/_EPOXI'),
(115, 17, 'SOLADOS_DE_PIEDRA_NATURAL'),
(116, 17, 'SOLADOS_DE_TERRAZO_IN_SITU_-_CONTINUO'),
(117, 17, 'SOLADOS_DE_TERRAZO_EN_BALDOSAS'),
(118, 17, 'SOLADOS_DE_MADERA_(TARIMAS_/_PARQUET)'),
(119, 17, 'SOLADOS_DE_BALDOSAS_CERÁMICAS_/_GRES'),
(120, 17, 'SOLADOS_PLÁSTICOS_(VINÍLO,_PVC,_LINOLEO)'),
(121, 17, 'SOLADOS_DEPORTIVOS'),
(122, 17, 'MOQUETAS'),
(123, 17, 'TABIQUES_MÓVILES'),
(124, 17, 'MAMPARAS'),
(125, 17, 'MAMPARAS_ASEOS'),
(126, 17, 'PINTURAS'),
(127, 17, 'CERRAJERÍA_GRUESA'),
(128, 17, 'METALISTERÍA_(ACERO_INOXIDABLE,_ACERO,_ALUMINIO,_OTROS_METALES)'),
(129, 17, 'VALLADOS_Y_CERRAMIENTOS_METÁLICOS'),
(130, 17, 'PUERTAS_RF'),
(131, 17, 'PUERTAS_METÁLICAS'),
(132, 17, 'PUERTAS_DE_MADERA'),
(133, 17, 'PUERTAS_AUTOMÁTICAS'),
(134, 17, 'PUERTAS_ESPECIALES_-_GRANDES_DIMENSIONES_-_INDUSTRIALES_-HANGARES'),
(135, 17, 'CARPINTERÍA_DE_MADERA_EN_GENERAL'),
(136, 17, 'PANELES_TIPO_FENÓLICO,_TRESPA,_PRODEMA'),
(137, 17, 'CHAPADOS_Y_REVESTIMIENTOS_PIEDRA_NATURAL'),
(138, 17, 'VIDRIERÍA'),
(139, 17, 'SEÑALETICA_'),
(140, 17, 'ELEMENTOS_E_INSTALACIONES_ACÚSTICAS'),
(141, 17, 'ACABADOS_EN_GENERAL'),
(142, 17, 'OTROS_ACABADOS_ESPECÍFICOS'),
(143, 18, 'INSTALACIONES_ELÉCTRICAS_BAJA_TENSIÓN'),
(144, 18, 'INSTALACIONES_ELÉCTRICAS_MEDIA_TENSIÓN'),
(145, 18, 'CENTROS_DE_TRANSFORMACIÓN-_CELDAS_Y_TRAFOS'),
(146, 18, 'DETECCIÓN_DE_INCENDIOS'),
(147, 19, 'FONTANERÍA'),
(148, 19, 'SANEAMIENTO'),
(149, 19, 'POCERÍA'),
(150, 19, 'GAS'),
(151, 19, 'CLIMATIZACIÓN_-_VENTILACIÓN_-_EXTRACCIÓN'),
(152, 19, 'EXTINCIÓN_DE_INCENDIOS'),
(153, 20, 'INSTALACIONES_PARTICULARES_CPD'),
(154, 20, 'INSTALACIÓN_PROTECCIÓN_CONTRAINCENDIOS'),
(155, 20, 'INSTALACIÓN_ENERGÍA_SOLAR_(FOTOVOLTAICA_/SOLAR_TÉRMICA)'),
(156, 20, 'INSTALACIONES_DE_VOZ_Y_DATOS_/_TELEFONÍA_/_COMUNICACIONES'),
(157, 20, 'CONTROL_DE_ACCESOS'),
(158, 20, 'SEGURIDAD_-_CCTV'),
(159, 20, 'INSTALACIONES_DE_DOMÓTICA'),
(160, 20, 'INSTALACION_GESTIÓN_INTEGRAL_DEL_EDIFICIO_(BMS)'),
(161, 20, 'INSTALACIÓN_DETECCIÓN_ESPECIAL_(TIPO_VESDA)'),
(162, 20, 'SISTEMAS_ESPECIALES_DE_EXTINCIÓN_DE_INCENDIOS'),
(163, 20, 'INSTALACION_DE_CONTEO_DE_PERSONAS'),
(164, 20, 'INSTALACION_DE_GESTIÓN_Y_GUIADO_DE_PARKINGS'),
(165, 20, 'INSTALACIONES_AUDIOVISUALES'),
(166, 21, 'ASCENSORES'),
(167, 21, 'ESCALERAS_MECÁNICAS_Y_"TRAVELATORS"'),
(168, 21, 'MONTACARGAS'),
(169, 22, 'REHABILITACIÓN_COMPLETA_DE_EDIFICIOS'),
(170, 22, 'REFUERZOS_Y_REHABILITACIÓN_ESTRUCTURAL'),
(171, 22, 'REHABILITACIÓN_FACHADAS'),
(172, 22, 'REHABILITACIONES_Y_REFORMAS_INTERIORES'),
(173, 23, 'EQUIPAMIENTO_HOTELES_/_RESIDENCIAS_ESTUDIANTES'),
(174, 23, 'EQUIPAMIENTO_HOSPITALES_/_RESIDENCIAS'),
(175, 23, 'MOBILIARIO_Y_EQUIPAMIENTO_DE_OFICINAS'),
(176, 23, 'MOBILIARIO_Y_EQUIPAMIENTO_DE_CENTROS_COMERCIALES'),
(177, 23, 'MOBILIARIO_Y_EQUIPAMIENTO_DEPORTIVO'),
(178, 23, 'MOBILIARIO_URBANO'),
(179, 23, 'EQUIPAMIENTO_DE_COCINAS'),
(180, 23, 'EQUIPAMIENTO_EN_GENERAL'),
(181, 23, 'MOBILIARIO_Y_EQUIPAMIENTO_ESPECÍFICO_DE_LABORATORIOS'),
(182, 23, 'SPA_Y_SAUNAS'),
(183, 23, 'EQUIPAMIENTO_AUDIOVISUAL'),
(184, 23, 'EQUIPAMIENTO_INFORMÁTICO');

-- --------------------------------------------------------

--
-- Estructura de tabla para la tabla `glpi_plugin_comproveedores_types`
--

CREATE TABLE IF NOT EXISTS `glpi_plugin_comproveedores_roltypes` (
  `id` int(11) NOT NULL,
  `name` varchar(200) NOT NULL
) ENGINE=MyISAM  DEFAULT CHARSET=utf8 COLLATE=utf8_unicode_ci;

--
-- Volcado de datos para la tabla `glpi_plugin_comproveedores_types`
--

INSERT INTO `glpi_plugin_comproveedores_roltypes` (`id`, `name`) VALUES
(1, 'Suministrador'),
(2, 'Contratista');

--
-- Índices para tablas volcadas
--

--
-- Indices de la tabla `glpi_plugin_comproveedores_categories`
--
ALTER TABLE `glpi_plugin_comproveedores_categories`
  ADD PRIMARY KEY (`id`);

--
-- Indices de la tabla `glpi_plugin_comproveedores_specialties`
--
ALTER TABLE `glpi_plugin_comproveedores_specialties`
  ADD PRIMARY KEY (`id`);

--
-- Indices de la tabla `glpi_plugin_comproveedores_types`
--
ALTER TABLE `glpi_plugin_comproveedores_roltypes`
  ADD PRIMARY KEY (`id`);

--
-- AUTO_INCREMENT de las tablas volcadas
--

--
-- AUTO_INCREMENT de la tabla `glpi_plugin_comproveedores_categories`
--
ALTER TABLE `glpi_plugin_comproveedores_categories`
  MODIFY `id` int(11) NOT NULL AUTO_INCREMENT, AUTO_INCREMENT=25;
--
-- AUTO_INCREMENT de la tabla `glpi_plugin_comproveedores_specialties`
--
ALTER TABLE `glpi_plugin_comproveedores_specialties`
  MODIFY `id` int(11) NOT NULL AUTO_INCREMENT, AUTO_INCREMENT=185;
--
-- AUTO_INCREMENT de la tabla `glpi_plugin_comproveedores_types`
--
ALTER TABLE `glpi_plugin_comproveedores_roltypes`
  MODIFY `id` int(11) NOT NULL AUTO_INCREMENT, AUTO_INCREMENT=3;
/*!40101 SET CHARACTER_SET_CLIENT=@OLD_CHARACTER_SET_CLIENT */;
/*!40101 SET CHARACTER_SET_RESULTS=@OLD_CHARACTER_SET_RESULTS */;
/*!40101 SET COLLATION_CONNECTION=@OLD_COLLATION_CONNECTION */;
